<?xml version="1.0" encoding="UTF-8"?>
<addon id="plugin.video.kingf4m" version="5.1.0w" name="[B][COLOR gold]ᴋɪɴɢ ᴛᴠ[/COLOR][/B] [B][COLOR blue]ғ4ᴍᴛᴇsᴛᴇʀ[/COLOR][/B]" provider-name="[COLOR magenta]BY BLACKSHEEP[/COLOR]">
    <requires>
        <import addon="xbmc.python" version="3.0.0"/>
        <import addon="script.module.six" />
        <import addon="script.module.kodi-six" />
		<import addon="script.module.requests"/>
		<import addon="inputstream.ffmpegdirect" />
		<import addon="inputstream.adaptive" />
    </requires>
    <extension point="xbmc.python.pluginsource" library="default.py">
        <provides>video</provides>
    </extension>  
    <extension point="xbmc.addon.metadata">
        <summary lang="en">ᴋɪɴɢ ᴛᴠ ғ4ᴍᴛᴇsᴛᴇʀ ._.</summary>
        <disclaimer>[B][COLOR lime]TELEGRAM - T.ME/BLACKSHEEP_B[COLOR red] - [/COLOR][/COLOR][/B][B][COLOR pink]OBRIGADO POR USAR NOSSO ADDONS [COLOR red]sz[/COLOR][/COLOR][/B]</disclaimer>
        <description></description>
        <platform>all</platform>
        <assets>
			<icon>icon.png</icon>
		</assets>
    </extension>
</addon>