<?xml version="1.0" encoding="UTF-8" standalone="yes"?>
<addon id="plugin.video.kingtv" name="[B][COLOR gold]KING[/COLOR][/B] [B][COLOR orange]TV[/COLOR][/B]" version="v3.1" provider-name="BLACKSHEEP_B"> 
<requires>
<import addon="script.module.six"/>
<import addon="script.module.kodi-six"/>
<import addon="script.module.requests"/>
<import addon="script.module.simplejson"/>
<import addon="script.module.beautifulsoup4"/>
<import addon="script.module.resolveurl" optional="true"/>
<import addon="script.module.jsbeautifier" optional="true"/>
<import addon="inputstream.ffmpegdirect" optional="21.3.5"/>
<import addon="inputstream.adaptive" optional="21.4.10"/>
<import addon="script.module.inputstreamhelper" optional="true"/>
</requires>  
<extension point="xbmc.python.pluginsource" library="default.py">
	<provides>video</provides>
</extension>   
<extension point="xbmc.addon.metadata">
	<description>[B][COLOR green]●[/COLOR] [COLOR white]KING TV é apenas um AGREGADOR de links e, assim como o Google.com, apenas agrega e organiza os links externos. Não somos responsáveis pelos arquivos aqui encontrados.[/COLOR][/B][CR][B][COLOR firebrick]●[/COLOR] [COLOR white]Proibido a venda dos addons do KING TV.[/COLOR][/B][CR][B][COLOR firebrick]●[/COLOR] [COLOR white]Não vendemos IPTV, caso ache sites ou mesmo apps é falso.[/COLOR][/B]</description>
		<disclaimer>[B][COLOR lime]TELEGRAM - T.ME/BLACKSHEEP_B[COLOR red] - [/COLOR][/COLOR][/B][B][COLOR pink]OBRIGADO POR USAR NOSSO ADDONS [COLOR red]sz[/COLOR][/COLOR][/B]</disclaimer>
    <platform>all</platform>
	<assets>
       <icon>icon.png</icon>
       <fanart>fanart.jpg</fanart>
    </assets>
	<news>
	</news>
</extension>
</addon>